precision,accuracy,recall,duration
0.9523809523809523,0.9466666666666667,0.9459459459459459,341.9992651939392
