precision,accuracy,recall,duration
0.8957307060755336,0.8866666666666667,0.8856685633001422,70.47845387458801
