precision,accuracy,recall,duration
0.9933333333333334,0.9933333333333333,0.993421052631579,613.1347255706787
