precision,accuracy,recall,duration
0.8518518518518519,0.7866666666666666,0.7837837837837838,577.2568452358246
