precision,accuracy,recall,duration
0.8440860215053764,0.71,0.5972222222222222,64.28623628616333
