precision,accuracy,recall,duration
0.9559284439944067,0.956060606060606,0.9563056262193819,4189.397763490677
