precision,accuracy,recall,duration
0.9569313840728768,0.9568181818181818,0.9573776481699792,9798.823689222336
